User_ID,Name,User_Type,User_Group,Join_Date
U001,Arun Kumar,Researcher,Research,2023-11-24 00:00:00
U002,Sneha Iyer,Student,CSE,2023-12-12 00:00:00
U003,Rahul Verma,Researcher,Research,2022-04-16 00:00:00
U004,Rahul Verma,Professional,Management,2022-03-08 00:00:00
U005,Karthik Raj,Student,ECE,2023-04-12 00:00:00
U006,Vikram Singh,Home User,General,2024-06-28 00:00:00
U007,Anjali Nair,Staff,ECE,2023-01-03 00:00:00
U008,Vikram Singh,Staff,CSE,2022-01-20 00:00:00
U009,Rahul Verma,Staff,CSE,2022-08-05 00:00:00
U010,Priya Sharma,Student,CSE,2023-01-11 00:00:00
U011,Karthik Raj,Student,MBA,2024-02-29 00:00:00
U012,Divya Krishnan,Home User,Household,2022-02-19 00:00:00
U013,Arun Kumar,Student,School,2023-12-08 00:00:00
U014,Anjali Nair,Student,MBA,2023-01-25 00:00:00
U015,Anjali Nair,Student,ECE,2023-12-20 00:00:00
U016,Arun Kumar,Staff,CSE,2022-11-05 00:00:00
U017,Rohit Das,Professional,Corporate,2022-10-04 00:00:00
U018,Vikram Singh,Home User,Household,2024-04-30 00:00:00
U019,Karthik Raj,Student,School,2022-04-27 00:00:00
U020,Sneha Iyer,Student,MBA,2023-09-16 00:00:00
U021,Rohit Das,Staff,ECE,2024-09-23 00:00:00
U022,Vikram Singh,Staff,ECE,2022-10-30 00:00:00
U023,Rohit Das,Staff,CSE,2023-05-24 00:00:00
U024,Anjali Nair,Staff,MBA,2022-12-05 00:00:00
U025,Arun Kumar,Staff,CSE,2023-11-19 00:00:00
U026,Divya Krishnan,Student,School,2023-11-17 00:00:00
U027,Priya Sharma,Professional,Corporate,2024-03-09 00:00:00
U028,Priya Sharma,Home User,Household,2024-07-15 00:00:00
U029,Anjali Nair,Researcher,Research,2024-09-27 00:00:00
U030,Anjali Nair,Researcher,Research,2022-02-21 00:00:00
U031,Arun Kumar,Student,CSE,2024-05-22 00:00:00
U032,Meena Lakshmi,Researcher,Research,2023-03-13 00:00:00
U033,Arun Kumar,Student,School,2022-01-10 00:00:00
U034,Rahul Verma,Staff,MBA,2022-12-03 00:00:00
U035,Divya Krishnan,Researcher,Research,2022-10-02 00:00:00
U036,Meena Lakshmi,Student,ECE,2022-07-07 00:00:00
U037,Vikram Singh,Student,MBA,2024-09-12 00:00:00
U038,Vikram Singh,Professional,Management,2023-12-08 00:00:00
U039,Rahul Verma,Professional,Management,2022-04-26 00:00:00
U040,Arun Kumar,Staff,MBA,2024-08-23 00:00:00
U041,Vikram Singh,Staff,CSE,2024-07-22 00:00:00
U042,Divya Krishnan,Home User,General,2023-11-26 00:00:00
U043,Divya Krishnan,Professional,Corporate,2023-01-24 00:00:00
U044,Rahul Verma,Researcher,Research,2023-05-10 00:00:00
U045,Vikram Singh,Professional,Corporate,2023-03-28 00:00:00
U046,Karthik Raj,Student,School,2023-11-02 00:00:00
U047,Rohit Das,Researcher,Research,2024-02-25 00:00:00
U048,Meena Lakshmi,Home User,Household,2023-06-16 00:00:00
U049,Vikram Singh,Home User,Household,2023-11-09 00:00:00
U050,Meena Lakshmi,Staff,ECE,2023-11-11 00:00:00
U051,Rohit Das,Professional,Corporate,2024-07-02 00:00:00
U052,Arun Kumar,Home User,Household,2023-10-21 00:00:00
U053,Anjali Nair,Staff,MBA,2024-05-22 00:00:00
U054,Priya Sharma,Professional,Corporate,2024-02-09 00:00:00
U055,Sneha Iyer,Professional,Management,2022-12-05 00:00:00
U056,Rohit Das,Researcher,Research,2022-08-17 00:00:00
U057,Vikram Singh,Home User,General,2024-04-16 00:00:00
U058,Anjali Nair,Staff,CSE,2023-03-31 00:00:00
U059,Priya Sharma,Home User,General,2024-05-27 00:00:00
U060,Meena Lakshmi,Professional,Management,2022-05-02 00:00:00
U061,Priya Sharma,Professional,Corporate,2023-02-18 00:00:00
U062,Rohit Das,Professional,Corporate,2023-07-17 00:00:00
U063,Divya Krishnan,Student,School,2024-09-13 00:00:00
U064,Rohit Das,Home User,General,2023-07-30 00:00:00
U065,Anjali Nair,Staff,MBA,2024-08-31 00:00:00
U066,Arun Kumar,Researcher,Research,2024-04-16 00:00:00
U067,Meena Lakshmi,Staff,ECE,2023-07-28 00:00:00
U068,Meena Lakshmi,Home User,General,2024-01-04 00:00:00
U069,Priya Sharma,Professional,Corporate,2024-02-17 00:00:00
U070,Meena Lakshmi,Staff,CSE,2022-12-30 00:00:00
U071,Priya Sharma,Researcher,Research,2022-02-16 00:00:00
U072,Rahul Verma,Staff,ECE,2024-04-21 00:00:00
U073,Karthik Raj,Professional,Corporate,2023-09-18 00:00:00
U074,Priya Sharma,Staff,CSE,2024-08-10 00:00:00
U075,Anjali Nair,Professional,Corporate,2024-04-24 00:00:00
U076,Meena Lakshmi,Staff,MBA,2022-04-21 00:00:00
U077,Divya Krishnan,Professional,Corporate,2022-05-07 00:00:00
U078,Divya Krishnan,Professional,Management,2024-09-06 00:00:00
U079,Anjali Nair,Home User,Household,2022-01-05 00:00:00
U080,Rohit Das,Home User,Household,2024-08-15 00:00:00
U081,Rohit Das,Professional,Management,2024-03-10 00:00:00
U082,Divya Krishnan,Staff,MBA,2022-06-27 00:00:00
U083,Vikram Singh,Staff,CSE,2023-11-05 00:00:00
U084,Rohit Das,Home User,General,2024-06-21 00:00:00
U085,Divya Krishnan,Professional,Management,2024-07-26 00:00:00
U086,Vikram Singh,Staff,ECE,2024-09-13 00:00:00
U087,Anjali Nair,Researcher,Research,2024-04-04 00:00:00
U088,Vikram Singh,Staff,CSE,2023-09-09 00:00:00
U089,Rohit Das,Home User,General,2024-05-31 00:00:00
U090,Sneha Iyer,Researcher,Research,2022-08-03 00:00:00
U091,Meena Lakshmi,Home User,General,2024-08-01 00:00:00
U092,Rahul Verma,Staff,MBA,2023-05-31 00:00:00
U093,Priya Sharma,Home User,General,2024-02-19 00:00:00
U094,Divya Krishnan,Researcher,Research,2023-08-08 00:00:00
U095,Vikram Singh,Professional,Management,2024-04-07 00:00:00
U096,Arun Kumar,Student,School,2023-01-26 00:00:00
U097,Arun Kumar,Staff,CSE,2022-07-24 00:00:00
U098,Karthik Raj,Researcher,Research,2023-12-01 00:00:00
U099,Arun Kumar,Researcher,Research,2023-12-09 00:00:00
U100,Rohit Das,Researcher,Research,2022-02-03 00:00:00
U101,Priya Sharma,Researcher,Research,2023-09-23 00:00:00
U102,Rohit Das,Home User,Household,2023-02-03 00:00:00
U103,Karthik Raj,Staff,MBA,2023-12-11 00:00:00
U104,Vikram Singh,Student,MBA,2023-03-03 00:00:00
U105,Arun Kumar,Researcher,Research,2024-02-01 00:00:00
U106,Divya Krishnan,Researcher,Research,2024-06-08 00:00:00
U107,Meena Lakshmi,Professional,Corporate,2024-02-13 00:00:00
U108,Sneha Iyer,Home User,Household,2022-10-29 00:00:00
U109,Priya Sharma,Professional,Corporate,2022-07-11 00:00:00
U110,Rohit Das,Staff,MBA,2022-05-03 00:00:00
U111,Vikram Singh,Professional,Corporate,2022-10-13 00:00:00
U112,Rahul Verma,Home User,General,2022-06-14 00:00:00
U113,Arun Kumar,Home User,General,2022-12-05 00:00:00
U114,Arun Kumar,Professional,Corporate,2022-06-07 00:00:00
U115,Divya Krishnan,Researcher,Research,2024-05-13 00:00:00
U116,Divya Krishnan,Researcher,Research,2023-07-18 00:00:00
U117,Meena Lakshmi,Researcher,Research,2023-06-23 00:00:00
U118,Rohit Das,Staff,CSE,2022-03-11 00:00:00
U119,Vikram Singh,Home User,Household,2023-07-11 00:00:00
U120,Priya Sharma,Home User,General,2022-12-24 00:00:00
U121,Meena Lakshmi,Staff,CSE,2022-12-06 00:00:00
U122,Sneha Iyer,Researcher,Research,2024-08-31 00:00:00
U123,Rohit Das,Home User,General,2024-04-23 00:00:00
U124,Meena Lakshmi,Student,School,2023-04-02 00:00:00
U125,Divya Krishnan,Staff,MBA,2024-07-29 00:00:00
U126,Arun Kumar,Home User,Household,2023-11-30 00:00:00
U127,Priya Sharma,Researcher,Research,2023-01-31 00:00:00
U128,Arun Kumar,Researcher,Research,2024-07-22 00:00:00
U129,Rohit Das,Home User,General,2024-04-02 00:00:00
U130,Anjali Nair,Home User,General,2022-02-14 00:00:00
U131,Meena Lakshmi,Researcher,Research,2023-06-11 00:00:00
U132,Rahul Verma,Student,School,2024-09-21 00:00:00
U133,Priya Sharma,Home User,Household,2022-08-04 00:00:00
U134,Vikram Singh,Staff,MBA,2024-05-05 00:00:00
U135,Rohit Das,Student,CSE,2024-04-28 00:00:00
U136,Rahul Verma,Professional,Corporate,2022-01-25 00:00:00
U137,Arun Kumar,Professional,Management,2022-03-31 00:00:00
U138,Rahul Verma,Student,School,2024-03-24 00:00:00
U139,Divya Krishnan,Researcher,Research,2024-04-21 00:00:00
U140,Vikram Singh,Staff,ECE,2023-02-02 00:00:00
U141,Vikram Singh,Professional,Management,2022-11-20 00:00:00
U142,Priya Sharma,Student,MBA,2023-07-02 00:00:00
U143,Divya Krishnan,Student,School,2022-02-16 00:00:00
U144,Rohit Das,Student,ECE,2022-04-19 00:00:00
U145,Divya Krishnan,Researcher,Research,2022-03-30 00:00:00
U146,Vikram Singh,Researcher,Research,2023-02-09 00:00:00
U147,Rahul Verma,Student,MBA,2023-07-01 00:00:00
U148,Vikram Singh,Staff,CSE,2024-03-26 00:00:00
U149,Rahul Verma,Home User,General,2022-11-02 00:00:00
U150,Rohit Das,Researcher,Research,2024-06-14 00:00:00
U151,Priya Sharma,Home User,Household,2022-02-12 00:00:00
U152,Rohit Das,Student,MBA,2023-07-15 00:00:00
U153,Sneha Iyer,Student,ECE,2024-02-06 00:00:00
U154,Vikram Singh,Researcher,Research,2024-07-16 00:00:00
U155,Rahul Verma,Home User,Household,2022-07-08 00:00:00
U156,Karthik Raj,Staff,MBA,2022-07-18 00:00:00
U157,Divya Krishnan,Student,CSE,2024-05-22 00:00:00
U158,Rohit Das,Student,MBA,2022-03-16 00:00:00
U159,Karthik Raj,Researcher,Research,2022-04-11 00:00:00
U160,Divya Krishnan,Staff,MBA,2023-05-14 00:00:00
U161,Rahul Verma,Researcher,Research,2023-11-19 00:00:00
U162,Karthik Raj,Staff,CSE,2023-09-27 00:00:00
U163,Meena Lakshmi,Student,CSE,2023-05-13 00:00:00
U164,Divya Krishnan,Professional,Management,2023-11-07 00:00:00
U165,Divya Krishnan,Researcher,Research,2023-08-04 00:00:00
U166,Vikram Singh,Researcher,Research,2022-06-22 00:00:00
U167,Sneha Iyer,Student,ECE,2024-03-15 00:00:00
U168,Vikram Singh,Staff,MBA,2022-10-11 00:00:00
U169,Meena Lakshmi,Researcher,Research,2024-06-17 00:00:00
U170,Anjali Nair,Professional,Management,2023-01-03 00:00:00
U171,Rohit Das,Researcher,Research,2022-04-22 00:00:00
U172,Divya Krishnan,Staff,MBA,2022-03-25 00:00:00
U173,Rohit Das,Researcher,Research,2022-07-21 00:00:00
U174,Priya Sharma,Researcher,Research,2024-07-02 00:00:00
U175,Divya Krishnan,Student,School,2023-08-16 00:00:00
U176,Arun Kumar,Professional,Corporate,2023-07-19 00:00:00
U177,Rahul Verma,Researcher,Research,2023-01-10 00:00:00
U178,Divya Krishnan,Professional,Corporate,2024-01-21 00:00:00
U179,Anjali Nair,Researcher,Research,2023-05-29 00:00:00
U180,Vikram Singh,Home User,Household,2023-01-08 00:00:00
U181,Sneha Iyer,Home User,Household,2024-05-18 00:00:00
U182,Rohit Das,Home User,Household,2022-05-24 00:00:00
U183,Rahul Verma,Professional,Corporate,2023-08-03 00:00:00
U184,Anjali Nair,Home User,Household,2024-08-19 00:00:00
U185,Sneha Iyer,Researcher,Research,2024-02-19 00:00:00
U186,Priya Sharma,Professional,Corporate,2022-09-28 00:00:00
U187,Arun Kumar,Researcher,Research,2023-11-16 00:00:00
U188,Meena Lakshmi,Staff,MBA,2023-02-02 00:00:00
U189,Arun Kumar,Professional,Management,2022-02-10 00:00:00
U190,Rohit Das,Researcher,Research,2023-10-11 00:00:00
U191,Divya Krishnan,Researcher,Research,2023-07-12 00:00:00
U192,Vikram Singh,Home User,Household,2023-11-01 00:00:00
U193,Divya Krishnan,Professional,Management,2023-11-01 00:00:00
U194,Vikram Singh,Student,ECE,2024-09-23 00:00:00
U195,Vikram Singh,Staff,MBA,2022-12-28 00:00:00
U196,Anjali Nair,Researcher,Research,2024-06-27 00:00:00
U197,Rohit Das,Home User,Household,2024-06-22 00:00:00
U198,Rahul Verma,Staff,ECE,2022-08-24 00:00:00
U199,Sneha Iyer,Student,ECE,2022-06-03 00:00:00
U200,Meena Lakshmi,Staff,CSE,2023-09-09 00:00:00
U201,Vikram Singh,Student,CSE,2024-04-10 00:00:00
U202,Anjali Nair,Researcher,Research,2023-11-23 00:00:00
U203,Sneha Iyer,Professional,Management,2023-08-28 00:00:00
U204,Vikram Singh,Staff,MBA,2022-01-23 00:00:00
U205,Rahul Verma,Staff,CSE,2023-08-11 00:00:00
U206,Rahul Verma,Home User,Household,2023-10-07 00:00:00
U207,Divya Krishnan,Home User,Household,2022-05-31 00:00:00
U208,Karthik Raj,Student,CSE,2024-08-02 00:00:00
U209,Vikram Singh,Staff,MBA,2023-09-06 00:00:00
U210,Karthik Raj,Home User,Household,2024-08-27 00:00:00
U211,Anjali Nair,Student,CSE,2023-09-14 00:00:00
U212,Rahul Verma,Professional,Management,2022-08-13 00:00:00
U213,Divya Krishnan,Professional,Corporate,2024-04-20 00:00:00
U214,Rohit Das,Staff,MBA,2022-09-28 00:00:00
U215,Meena Lakshmi,Staff,MBA,2024-08-02 00:00:00
U216,Sneha Iyer,Professional,Corporate,2023-01-23 00:00:00
U217,Priya Sharma,Professional,Corporate,2022-01-17 00:00:00
U218,Rohit Das,Staff,MBA,2023-12-02 00:00:00
U219,Divya Krishnan,Professional,Corporate,2022-04-09 00:00:00
U220,Divya Krishnan,Staff,ECE,2023-09-07 00:00:00
U221,Priya Sharma,Student,School,2023-05-09 00:00:00
U222,Rohit Das,Staff,MBA,2024-04-27 00:00:00
U223,Rohit Das,Student,MBA,2023-03-07 00:00:00
U224,Rohit Das,Researcher,Research,2023-03-16 00:00:00
U225,Vikram Singh,Staff,ECE,2022-12-25 00:00:00
U226,Vikram Singh,Home User,Household,2022-05-18 00:00:00
U227,Sneha Iyer,Researcher,Research,2024-07-20 00:00:00
U228,Divya Krishnan,Student,ECE,2024-06-16 00:00:00
U229,Karthik Raj,Home User,General,2022-07-13 00:00:00
U230,Divya Krishnan,Student,School,2023-06-20 00:00:00
U231,Vikram Singh,Student,School,2023-11-02 00:00:00
U232,Meena Lakshmi,Staff,MBA,2023-02-23 00:00:00
U233,Rahul Verma,Researcher,Research,2023-03-13 00:00:00
U234,Karthik Raj,Home User,General,2024-05-25 00:00:00
U235,Divya Krishnan,Home User,General,2023-01-10 00:00:00
U236,Vikram Singh,Home User,General,2024-02-13 00:00:00
U237,Rohit Das,Staff,ECE,2024-03-13 00:00:00
U238,Rahul Verma,Home User,General,2023-01-15 00:00:00
U239,Karthik Raj,Home User,General,2022-11-11 00:00:00
U240,Vikram Singh,Home User,General,2024-01-24 00:00:00
U241,Priya Sharma,Staff,MBA,2024-02-05 00:00:00
U242,Rahul Verma,Staff,ECE,2022-04-13 00:00:00
U243,Vikram Singh,Staff,MBA,2024-03-15 00:00:00
U244,Rahul Verma,Researcher,Research,2023-02-03 00:00:00
U245,Rahul Verma,Student,School,2023-04-28 00:00:00
U246,Priya Sharma,Home User,General,2022-03-07 00:00:00
U247,Meena Lakshmi,Researcher,Research,2022-03-23 00:00:00
U248,Vikram Singh,Home User,Household,2024-08-11 00:00:00
U249,Divya Krishnan,Professional,Management,2022-02-28 00:00:00
U250,Anjali Nair,Staff,MBA,2023-03-26 00:00:00
U251,Rohit Das,Student,CSE,2022-10-20 00:00:00
U252,Divya Krishnan,Staff,CSE,2023-06-07 00:00:00
U253,Divya Krishnan,Home User,Household,2022-06-23 00:00:00
U254,Sneha Iyer,Student,ECE,2023-11-02 00:00:00
U255,Priya Sharma,Student,CSE,2022-10-10 00:00:00
U256,Vikram Singh,Professional,Management,2023-02-20 00:00:00
U257,Rohit Das,Home User,Household,2022-01-16 00:00:00
U258,Rohit Das,Student,School,2022-10-19 00:00:00
U259,Meena Lakshmi,Home User,General,2024-09-13 00:00:00
U260,Divya Krishnan,Researcher,Research,2024-09-13 00:00:00
U261,Vikram Singh,Staff,ECE,2023-08-12 00:00:00
U262,Rahul Verma,Student,ECE,2023-02-21 00:00:00
U263,Rohit Das,Home User,Household,2022-03-16 00:00:00
U264,Meena Lakshmi,Home User,General,2024-08-27 00:00:00
U265,Rohit Das,Student,ECE,2024-04-12 00:00:00
U266,Anjali Nair,Home User,General,2024-09-16 00:00:00
U267,Sneha Iyer,Professional,Management,2024-02-15 00:00:00
U268,Anjali Nair,Researcher,Research,2024-07-07 00:00:00
U269,Anjali Nair,Home User,Household,2022-04-30 00:00:00
U270,Vikram Singh,Researcher,Research,2023-10-11 00:00:00
U271,Sneha Iyer,Staff,MBA,2024-03-30 00:00:00
U272,Meena Lakshmi,Researcher,Research,2023-06-13 00:00:00
U273,Karthik Raj,Home User,Household,2022-09-12 00:00:00
U274,Vikram Singh,Researcher,Research,2023-11-21 00:00:00
U275,Rohit Das,Researcher,Research,2024-08-11 00:00:00
U276,Meena Lakshmi,Staff,ECE,2022-12-29 00:00:00
U277,Karthik Raj,Staff,MBA,2022-07-07 00:00:00
U278,Sneha Iyer,Staff,ECE,2022-08-29 00:00:00
U279,Sneha Iyer,Staff,ECE,2022-08-23 00:00:00
U280,Divya Krishnan,Staff,CSE,2022-12-31 00:00:00
U281,Priya Sharma,Staff,CSE,2024-07-31 00:00:00
U282,Divya Krishnan,Student,MBA,2022-01-07 00:00:00
U283,Anjali Nair,Home User,Household,2023-01-16 00:00:00
U284,Anjali Nair,Home User,General,2024-07-08 00:00:00
U285,Anjali Nair,Home User,General,2022-07-07 00:00:00
U286,Vikram Singh,Home User,General,2022-08-16 00:00:00
U287,Arun Kumar,Home User,Household,2023-06-23 00:00:00
U288,Rohit Das,Professional,Management,2022-02-03 00:00:00
U289,Vikram Singh,Home User,General,2024-05-31 00:00:00
U290,Priya Sharma,Staff,ECE,2023-12-17 00:00:00
U291,Meena Lakshmi,Home User,General,2023-12-07 00:00:00
U292,Sneha Iyer,Student,School,2023-01-24 00:00:00
U293,Meena Lakshmi,Home User,Household,2023-01-06 00:00:00
U294,Rahul Verma,Home User,General,2023-07-16 00:00:00
U295,Karthik Raj,Researcher,Research,2023-04-28 00:00:00
U296,Meena Lakshmi,Home User,General,2022-07-08 00:00:00
U297,Sneha Iyer,Professional,Management,2023-03-06 00:00:00
U298,Vikram Singh,Researcher,Research,2022-10-14 00:00:00
U299,Divya Krishnan,Professional,Corporate,2022-05-15 00:00:00
U300,Priya Sharma,Home User,Household,2024-01-09 00:00:00
U301,Rohit Das,Researcher,Research,2023-03-19 00:00:00
U302,Rahul Verma,Professional,Corporate,2024-03-30 00:00:00
U303,Arun Kumar,Staff,ECE,2022-06-30 00:00:00
U304,Rahul Verma,Professional,Management,2024-07-03 00:00:00
U305,Anjali Nair,Home User,General,2022-11-04 00:00:00
U306,Vikram Singh,Researcher,Research,2022-04-12 00:00:00
U307,Sneha Iyer,Staff,CSE,2024-04-13 00:00:00
U308,Priya Sharma,Researcher,Research,2023-04-06 00:00:00
U309,Meena Lakshmi,Researcher,Research,2023-01-04 00:00:00
U310,Meena Lakshmi,Home User,General,2022-01-21 00:00:00
U311,Meena Lakshmi,Professional,Corporate,2024-06-07 00:00:00
U312,Divya Krishnan,Home User,Household,2023-08-13 00:00:00
U313,Karthik Raj,Home User,Household,2022-12-30 00:00:00
U314,Anjali Nair,Researcher,Research,2024-06-29 00:00:00
U315,Divya Krishnan,Student,MBA,2022-10-21 00:00:00
U316,Rahul Verma,Professional,Corporate,2023-10-18 00:00:00
U317,Divya Krishnan,Researcher,Research,2023-08-09 00:00:00
U318,Priya Sharma,Professional,Corporate,2022-06-15 00:00:00
U319,Meena Lakshmi,Researcher,Research,2022-11-21 00:00:00
U320,Divya Krishnan,Researcher,Research,2023-10-23 00:00:00
U321,Anjali Nair,Professional,Management,2024-03-10 00:00:00
U322,Vikram Singh,Researcher,Research,2022-06-21 00:00:00
U323,Rahul Verma,Staff,CSE,2024-01-16 00:00:00
U324,Karthik Raj,Staff,MBA,2024-08-21 00:00:00
U325,Rahul Verma,Student,CSE,2023-02-11 00:00:00
U326,Priya Sharma,Student,School,2024-08-17 00:00:00
U327,Arun Kumar,Professional,Corporate,2024-02-29 00:00:00
U328,Priya Sharma,Professional,Corporate,2022-09-26 00:00:00
U329,Priya Sharma,Home User,Household,2023-11-02 00:00:00
U330,Sneha Iyer,Professional,Management,2022-09-11 00:00:00
U331,Rahul Verma,Researcher,Research,2022-05-15 00:00:00
U332,Arun Kumar,Home User,Household,2022-02-05 00:00:00
U333,Anjali Nair,Researcher,Research,2023-04-24 00:00:00
U334,Rohit Das,Home User,General,2023-04-01 00:00:00
U335,Rohit Das,Staff,MBA,2022-07-01 00:00:00
U336,Divya Krishnan,Home User,General,2023-03-22 00:00:00
U337,Meena Lakshmi,Home User,General,2023-05-09 00:00:00
U338,Priya Sharma,Home User,Household,2023-03-29 00:00:00
U339,Vikram Singh,Researcher,Research,2022-09-24 00:00:00
U340,Arun Kumar,Staff,ECE,2022-01-01 00:00:00
U341,Meena Lakshmi,Home User,Household,2022-10-21 00:00:00
U342,Anjali Nair,Professional,Corporate,2024-08-27 00:00:00
U343,Arun Kumar,Professional,Management,2024-02-24 00:00:00
U344,Divya Krishnan,Professional,Management,2022-08-25 00:00:00
U345,Sneha Iyer,Student,ECE,2023-02-26 00:00:00
U346,Vikram Singh,Home User,General,2022-09-13 00:00:00
U347,Vikram Singh,Staff,MBA,2024-04-28 00:00:00
U348,Karthik Raj,Professional,Corporate,2022-03-23 00:00:00
U349,Rohit Das,Professional,Corporate,2024-02-22 00:00:00
U350,Karthik Raj,Home User,General,2023-10-27 00:00:00
U351,Vikram Singh,Home User,General,2022-07-12 00:00:00
U352,Rahul Verma,Student,CSE,2022-10-24 00:00:00
U353,Divya Krishnan,Student,MBA,2023-04-09 00:00:00
U354,Sneha Iyer,Researcher,Research,2022-11-25 00:00:00
U355,Arun Kumar,Student,CSE,2024-09-19 00:00:00
U356,Rahul Verma,Home User,Household,2024-09-22 00:00:00
U357,Karthik Raj,Student,ECE,2022-05-09 00:00:00
U358,Sneha Iyer,Professional,Corporate,2022-04-03 00:00:00
U359,Anjali Nair,Staff,CSE,2022-08-11 00:00:00
U360,Karthik Raj,Researcher,Research,2024-03-15 00:00:00
U361,Anjali Nair,Professional,Management,2023-12-15 00:00:00
U362,Priya Sharma,Student,ECE,2024-05-13 00:00:00
U363,Karthik Raj,Staff,CSE,2024-03-05 00:00:00
U364,Rohit Das,Professional,Corporate,2023-04-27 00:00:00
U365,Karthik Raj,Staff,CSE,2024-04-16 00:00:00
U366,Priya Sharma,Professional,Corporate,2024-09-24 00:00:00
U367,Anjali Nair,Staff,ECE,2022-09-11 00:00:00
U368,Anjali Nair,Student,CSE,2024-01-23 00:00:00
U369,Anjali Nair,Student,CSE,2023-02-03 00:00:00
U370,Rahul Verma,Researcher,Research,2023-10-07 00:00:00
U371,Karthik Raj,Student,School,2023-05-08 00:00:00
U372,Meena Lakshmi,Researcher,Research,2024-06-27 00:00:00
U373,Priya Sharma,Student,CSE,2022-08-30 00:00:00
U374,Arun Kumar,Professional,Management,2022-06-21 00:00:00
U375,Vikram Singh,Researcher,Research,2024-03-19 00:00:00
U376,Arun Kumar,Staff,CSE,2023-08-19 00:00:00
U377,Meena Lakshmi,Professional,Corporate,2024-02-29 00:00:00
U378,Rahul Verma,Student,CSE,2023-05-27 00:00:00
U379,Arun Kumar,Student,ECE,2022-03-03 00:00:00
U380,Rohit Das,Researcher,Research,2024-03-21 00:00:00
U381,Anjali Nair,Student,CSE,2022-08-27 00:00:00
U382,Anjali Nair,Researcher,Research,2024-01-21 00:00:00
U383,Vikram Singh,Staff,CSE,2023-01-02 00:00:00
U384,Arun Kumar,Staff,ECE,2023-05-12 00:00:00
U385,Rohit Das,Professional,Management,2023-12-15 00:00:00
U386,Divya Krishnan,Professional,Corporate,2022-07-11 00:00:00
U387,Meena Lakshmi,Home User,General,2024-01-20 00:00:00
U388,Divya Krishnan,Professional,Management,2024-07-25 00:00:00
U389,Priya Sharma,Home User,Household,2023-06-28 00:00:00
U390,Karthik Raj,Staff,ECE,2024-04-19 00:00:00
U391,Anjali Nair,Researcher,Research,2022-01-01 00:00:00
U392,Rahul Verma,Home User,General,2024-06-23 00:00:00
U393,Divya Krishnan,Student,ECE,2022-09-02 00:00:00
U394,Rohit Das,Researcher,Research,2024-04-18 00:00:00
U395,Rohit Das,Professional,Corporate,2023-12-01 00:00:00
U396,Divya Krishnan,Professional,Corporate,2022-10-17 00:00:00
U397,Meena Lakshmi,Researcher,Research,2022-04-24 00:00:00
U398,Arun Kumar,Student,School,2024-05-05 00:00:00
U399,Arun Kumar,Staff,CSE,2022-07-26 00:00:00
U400,Sneha Iyer,Student,MBA,2022-04-12 00:00:00
U401,Anjali Nair,Student,MBA,2023-06-23 00:00:00
U402,Arun Kumar,Home User,General,2023-01-11 00:00:00
U403,Priya Sharma,Staff,MBA,2022-01-14 00:00:00
U404,Anjali Nair,Staff,MBA,2024-08-08 00:00:00
U405,Arun Kumar,Student,MBA,2023-01-05 00:00:00
U406,Meena Lakshmi,Home User,General,2024-03-24 00:00:00
U407,Rohit Das,Student,ECE,2022-02-11 00:00:00
U408,Priya Sharma,Student,ECE,2024-08-25 00:00:00
U409,Priya Sharma,Staff,MBA,2022-04-14 00:00:00
U410,Vikram Singh,Staff,MBA,2022-07-14 00:00:00
U411,Sneha Iyer,Staff,MBA,2023-08-07 00:00:00
U412,Rohit Das,Staff,MBA,2023-03-02 00:00:00
U413,Anjali Nair,Student,ECE,2023-12-21 00:00:00
U414,Rahul Verma,Professional,Corporate,2024-03-22 00:00:00
U415,Vikram Singh,Staff,MBA,2023-06-01 00:00:00
U416,Rohit Das,Researcher,Research,2023-09-07 00:00:00
U417,Meena Lakshmi,Professional,Management,2023-07-18 00:00:00
U418,Vikram Singh,Researcher,Research,2024-02-22 00:00:00
U419,Divya Krishnan,Professional,Management,2022-09-04 00:00:00
U420,Vikram Singh,Home User,Household,2024-02-24 00:00:00
U421,Meena Lakshmi,Home User,General,2024-09-11 00:00:00
U422,Vikram Singh,Professional,Management,2022-01-01 00:00:00
U423,Divya Krishnan,Student,ECE,2022-01-17 00:00:00
U424,Karthik Raj,Home User,Household,2022-01-07 00:00:00
U425,Sneha Iyer,Researcher,Research,2024-05-26 00:00:00
U426,Karthik Raj,Researcher,Research,2024-07-30 00:00:00
U427,Priya Sharma,Home User,Household,2022-02-08 00:00:00
U428,Rahul Verma,Professional,Management,2022-05-22 00:00:00
U429,Divya Krishnan,Researcher,Research,2022-09-13 00:00:00
U430,Karthik Raj,Staff,ECE,2022-04-05 00:00:00
U431,Divya Krishnan,Home User,General,2024-07-28 00:00:00
U432,Priya Sharma,Staff,MBA,2024-01-11 00:00:00
U433,Rahul Verma,Researcher,Research,2023-05-15 00:00:00
U434,Divya Krishnan,Home User,Household,2023-10-20 00:00:00
U435,Divya Krishnan,Researcher,Research,2023-01-26 00:00:00
U436,Meena Lakshmi,Student,School,2022-12-23 00:00:00
U437,Priya Sharma,Professional,Management,2024-06-09 00:00:00
U438,Divya Krishnan,Staff,MBA,2024-08-08 00:00:00
U439,Arun Kumar,Student,MBA,2022-11-09 00:00:00
U440,Meena Lakshmi,Home User,Household,2023-07-07 00:00:00
U441,Meena Lakshmi,Home User,Household,2023-05-30 00:00:00
U442,Arun Kumar,Staff,CSE,2023-11-21 00:00:00
U443,Divya Krishnan,Professional,Management,2023-08-13 00:00:00
U444,Sneha Iyer,Home User,Household,2023-03-19 00:00:00
U445,Rahul Verma,Researcher,Research,2022-05-16 00:00:00
U446,Anjali Nair,Researcher,Research,2023-08-09 00:00:00
U447,Karthik Raj,Student,MBA,2022-03-29 00:00:00
U448,Rahul Verma,Professional,Management,2024-02-20 00:00:00
U449,Rohit Das,Staff,ECE,2022-07-22 00:00:00
U450,Divya Krishnan,Professional,Management,2022-07-20 00:00:00
U451,Sneha Iyer,Home User,Household,2022-03-15 00:00:00
U452,Meena Lakshmi,Researcher,Research,2023-12-03 00:00:00
U453,Priya Sharma,Home User,Household,2023-11-19 00:00:00
U454,Meena Lakshmi,Professional,Management,2022-12-23 00:00:00
U455,Meena Lakshmi,Staff,ECE,2023-09-01 00:00:00
U456,Rahul Verma,Student,ECE,2022-12-25 00:00:00
U457,Divya Krishnan,Home User,General,2022-05-30 00:00:00
U458,Sneha Iyer,Professional,Corporate,2022-07-24 00:00:00
U459,Priya Sharma,Researcher,Research,2022-04-26 00:00:00
U460,Divya Krishnan,Student,CSE,2024-08-06 00:00:00
U461,Arun Kumar,Staff,ECE,2022-12-18 00:00:00
U462,Anjali Nair,Student,ECE,2023-04-28 00:00:00
U463,Sneha Iyer,Student,ECE,2024-01-28 00:00:00
U464,Sneha Iyer,Home User,Household,2023-07-14 00:00:00
U465,Rohit Das,Home User,General,2023-05-10 00:00:00
U466,Arun Kumar,Home User,Household,2023-01-21 00:00:00
U467,Karthik Raj,Home User,Household,2022-06-24 00:00:00
U468,Sneha Iyer,Student,ECE,2024-03-19 00:00:00
U469,Arun Kumar,Home User,General,2023-04-22 00:00:00
U470,Vikram Singh,Student,School,2023-11-08 00:00:00
U471,Priya Sharma,Researcher,Research,2022-01-20 00:00:00
U472,Sneha Iyer,Researcher,Research,2023-01-25 00:00:00
U473,Meena Lakshmi,Home User,Household,2023-05-12 00:00:00
U474,Rahul Verma,Home User,Household,2022-07-23 00:00:00
U475,Rohit Das,Home User,General,2024-08-06 00:00:00
U476,Sneha Iyer,Student,School,2024-08-02 00:00:00
U477,Meena Lakshmi,Home User,General,2023-05-17 00:00:00
U478,Arun Kumar,Professional,Corporate,2022-12-22 00:00:00
U479,Karthik Raj,Researcher,Research,2022-08-30 00:00:00
U480,Arun Kumar,Home User,General,2023-10-03 00:00:00
U481,Arun Kumar,Researcher,Research,2024-08-24 00:00:00
U482,Sneha Iyer,Home User,General,2022-06-05 00:00:00
U483,Rahul Verma,Researcher,Research,2022-03-31 00:00:00
U484,Vikram Singh,Professional,Corporate,2022-09-04 00:00:00
U485,Vikram Singh,Home User,Household,2024-09-20 00:00:00
U486,Anjali Nair,Researcher,Research,2023-07-10 00:00:00
U487,Rahul Verma,Staff,CSE,2023-08-18 00:00:00
U488,Rahul Verma,Home User,Household,2022-11-13 00:00:00
U489,Vikram Singh,Home User,Household,2024-07-19 00:00:00
U490,Divya Krishnan,Staff,MBA,2024-07-28 00:00:00
U491,Priya Sharma,Staff,ECE,2023-07-25 00:00:00
U492,Rahul Verma,Home User,Household,2022-11-22 00:00:00
U493,Arun Kumar,Staff,MBA,2024-02-23 00:00:00
U494,Vikram Singh,Researcher,Research,2022-11-07 00:00:00
U495,Rahul Verma,Professional,Management,2024-03-08 00:00:00
U496,Rahul Verma,Staff,CSE,2022-07-09 00:00:00
U497,Divya Krishnan,Student,ECE,2023-08-04 00:00:00
U498,Divya Krishnan,Home User,Household,2022-08-26 00:00:00
U499,Arun Kumar,Staff,MBA,2023-01-03 00:00:00
U500,Rahul Verma,Student,MBA,2023-05-30 00:00:00
